Colour,hex
Sport Grey,#7a8487
Antique Cherry Red,#9d0033
Black,#010407
Navy,#041848
Red,#ff0047
Royal,#003ee6
White,#ffffff
Antique Irish Green,#003ee6
Antique Jade Dome,#036e47
Antique Sapphire,#007881
Antique Orange,#cc1f04
Azalea,#ff54f2
Blackberry,#000030
Cardian Red,#840043
Charcoal,#343d45
Carolina Blue,#69baff
Cobalt,#0005ff
Cornsilk,#f7f390
Daisy,#ffd142
Dark Chocolate,#0c0a0e
Dark Heather,#315060
Forest,#091b10
Graphaite Heather,#4b5657
Gold,#ffb005
Heliconia,#ff14d1
Heather Sapphire,#0d96e6
Irish Green,#1fff24
Indigo,#31637f
Kiwi,#79d527
Light Blue,#9fe6fc
Lilac,#2108ff
Lime,#7aff2e
Light Pink,#f5c5f7
Maroon,#330a36
Military Green,#386338
Midnight,#00565c
Mint,#91ff96
Natural,#e4e1ca
Old Gold,#c58d5b
Orange,#fc421c
Russet,#270f0f
Sand,#cbc1b2
Sapphire,#009fcf
Sky Blue,#7afffc
Sunset,#ff5400
Safety Pink,#ff40c9
Tweed,#2d373c
Violet,#73a1ff
Yellow Haze,#fff5ba
Ash,#c4d6d4
Purple,#c1a1c95
Atoll Blue,#59fccc
Apple,#abf547
Bottle Green,#0e4013
Caribbean Blue,#26ff9e
Chocolate,#1e1715
Deep Black,#000000
Dark Grey,#474747
Dark Purple,#2800e0
Denim,#0f2e67
Emerald,#00a64d
French Navy,#011f45
Fuchsia,#cf00cf
Grey Marl,#707070
Hibiscus,#e6452e
Kelly Green,#0ddb1c
Khaki,#506045
Lemon,#fafc05
Light Purple,#6257ba
Mouse Grey,#303a45
Navy,#0d1a2f
Orchid Pink,#ed69ff
Petroleum Blue,#012528
Ultramarine,#0010a1
Absinthe Green,#a4d500
Abyss Blue,#062f73
Arctic White,#ffffff
Jet Black,#000000
Airforce Blue,#31637f
Bottle,#063e0c
Baby Pink,#ffb0eb
Burgundy,#560340
Desert Sand,#a1aa69
Electric Green,#7dff26
Electric Orange,#ff6600
Electric Pink,#ff47ff
Electric Yellow,#cffa03
Hot Chocolate,#1f070a
Hawaiian Blue,#66fff7
Jade,#66fff7
Magenta Magic,#7d36ff
Olive,#1f1a09
Oxford Navy,#000635
Plum,#25073c
Reflex Blue,#0034cd
Red Hot Chilli,#840043
Sherbet Lemon,#fff25c
Turquoise Blue,#12f7d6
Fire Red,#eb0024
Hot Pink,#f500ba
Orange Crush,#ff6308
Royal Blue,#080dff
Sapphire Blue,#26c9ff
Sun Yellow,#ffe800
Heather Grey,#a2a9a8
New French Navy,#000710
Burnt Orange,#fa2d0f
Brick Red,#790030
Black Smoke,#0d120f
Candyfloss Pink,#ff69f2
Cornflower Blue,#69baff
Cranberry,#b6008f
Deep Sea Blue,#002b32
Dusty Pink,#ddca8f
Forest Green,#031a0c
Alien Green,#59ff00
Lavender,#c79cff
Lime Green,#59ff00
Lipstick Pink,#59ff00
Mocha,#65554a
Moondust Grey,#a2a9a8
Moss Green,#135e31
Nude,#d59d8b
Olive Green,#1f1a09
Pinky Purple,#d62bff
Peppermint,#8fffcc
Spring Green,#29ff69
Storm Grey,#0d0d0e
Steel Grey,#202b2d
Sunset Orange,#ff2126
Tropical Blue,#1985ff
Turquoise Surf,#52ffde
True Violet,#828fff
Ultra Violet,#1702eb
Vanilla Milkshake,#fcfac2
Apple Green,#abff3d
Aqua,#33d3d5
Coral,#ff6975
Duck Blue,#196bb3
Earth,#362208
Green Sage,#362208
Light Grey,#b6c2b6
Medium Pink,#f2b0e8
Pale Pink,#ffcced
Tango Red,#a50035
Zinc,#6a776f
Apricot,#ff7d73
